[
    {
        "id": 0,
        "title": "Fork this repository",
        "is_checked": false
    },
    {
        "id": 1,
        "title": "Clone the code to your machine",
        "is_checked": false
    },
    {
        "id": 2,
        "title": "Install and run the app",
        "is_checked": false
    },
    {
        "id": 3,
        "title": "Start with the tasks",
        "is_checked": false
    },
    {
        "id": 4,
        "title": "Install and run the app",
        "is_checked": false
    }
]
